{"cameraMode":{"drawMode":0,"name":"Shaded","section":"Shading Mode"},"sceneLighting":false,"audioPlay":false,"sceneViewState":{"showFog":true,"showMaterialUpdate":false,"showSkybox":false,"showFlares":true,"showImageEffects":true,"showParticleSystems":true},"in2DMode":false,"pivot":{"x":263.79998779296877,"y":30.879989624023439,"z":-1.652687668800354},"rotation":{"x":0.13147498667240144,"y":0.04607897996902466,"z":-0.006117662414908409,"w":0.9902308583259583},"size":693.0792236328125,"orthographic":false}