{"cameraMode":{"drawMode":0,"name":"Shaded","section":"Shading Mode"},"sceneLighting":false,"audioPlay":false,"sceneViewState":{"showFog":true,"showMaterialUpdate":false,"showSkybox":true,"showFlares":true,"showImageEffects":true,"showParticleSystems":true},"in2DMode":false,"pivot":{"x":-11.463336944580079,"y":-13.383901596069336,"z":-0.0000019073486328125},"rotation":{"x":0.24196282029151917,"y":0.029103562235832216,"z":-0.007260737009346485,"w":0.9698244333267212},"size":10.0,"orthographic":false}