{"cameraMode":{"drawMode":0,"name":"Shaded","section":"Shading Mode"},"sceneLighting":false,"audioPlay":false,"sceneViewState":{"showFog":true,"showMaterialUpdate":false,"showSkybox":false,"showFlares":true,"showImageEffects":true,"showParticleSystems":true},"in2DMode":false,"pivot":{"x":0.00007510185241699219,"y":5.828726768493652,"z":-0.005050405859947205},"rotation":{"x":0.13147498667240144,"y":0.04607897996902466,"z":-0.006117662414908409,"w":0.9902308583259583},"size":0.9812787771224976,"orthographic":false}