{"cameraMode":{"drawMode":0,"name":"Shaded","section":"Shading Mode"},"sceneLighting":false,"audioPlay":false,"sceneViewState":{"showFog":true,"showMaterialUpdate":false,"showSkybox":true,"showFlares":true,"showImageEffects":true,"showParticleSystems":true},"in2DMode":false,"pivot":{"x":6.399450302124023,"y":5.211666107177734,"z":14.930620193481446},"rotation":{"x":0.13147498667240144,"y":0.04607897996902466,"z":-0.006117662414908409,"w":0.9902308583259583},"size":25.417924880981447,"orthographic":false}